state_name;central_govt_school;central_govt_school_count;created_at;female_gender;female_gender_count;general_social_group;general_social_group_count;govt_aided_school;govt_aided_school_count;govt_school;govt_school_count;grade;id;male_gender;male_gender_count;obc_social_group;obc_social_group_count;private_school;private_school_count;rural_location;rural_location_count;sc_social_group;sc_social_group_count;st_social_group;st_social_group_count;state_id;total_school;total_student;total_teacher;trans_gender;trans_gender_count;updated_at;urban_location;urban_location_count
Jammu & Kashmir;6.948959688;0;;49.02953586;0;63.42266533;0;0.13816645;0;45.83062419;0;3;1;50.97046414;0;9.914936431;0;47.08224967;0;77.62516255;0;8.506356901;0;16.57367603;0;1;921;12304;2629;0;0;;22.37483745;0
Jammu & Kashmir;7.068725995;0;;49.07179791;0;65.36194511;0;0.130751001;0;43.39298848;0;5;38;50.91972535;0;8.740099466;0;49.40753453;0;75.66396993;0;8.436176091;0;15.91453306;0;1;943;12237;2586;0.008476731;0;;24.33603007;0
Jammu & Kashmir;4.549283909;0;;50.72486482;0;66.89580918;0;0.061269817;0;51.91085242;0;8;75;49.27513518;0;9.375517641;0;43.47859386;0;76.97786628;0;9.209872453;0;13.36756667;0;1;1434;25605;5605;0;0;;23.02213372;0
Jammu & Kashmir;4.1030045;0;;51.094574;0;73.316666;0;0.051502146;0;51.28755;0;10;112;48.905426;0;8.372696;0;44.55794;0;71.476395;0;8.335649;0;9.197;0;1;1119;29110;5440;0;0;;28.523605;0
Himachal Pradesh;11.16664287;0;;47.94206224;0;54.5143213;0;0;0;46.76567185;0;3;2;52.05793776;0;11.50373599;0;42.06768528;0;83.10723975;0;23.61457036;0;10.3362391;0;2;512;7003;1214;0;0;;16.89276025;0
Himachal Pradesh;11.27389424;0;;48.48527349;0;55.95015576;0;0;0;46.26761546;0;5;39;51.51472651;0;11.1682243;0;42.4584903;0;76.96386215;0;23.19314642;0;9.361370717;0;2;500;7167;1177;0;0;;23.03613785;0
Himachal Pradesh;8.749136144;0;;49.08009407;0;54.61968199;0;0;0;48.97028334;0;8;76;50.91990593;0;12.80618823;0;42.28058051;0;78.29993089;0;22.74745738;0;9.669101848;0;2;741;14233;2813;0;0;;21.70006911;0
Himachal Pradesh;7.586207;0;;48.71079;0;55.494507;0;0;0;46.535305;0;10;113;51.28921;0;12.770563;0;45.87849;0;77.83251;0;20.57942;0;10.822511;0;2;700;15170;3372;0;0;;22.167488;0
Punjab;9.429889118;0;;48.83937773;0;43.03072556;0;17.6184869;0;39.08841134;0;3;3;51.16062227;0;17.71326129;0;33.86321264;0;51.08429006;0;39.01698123;0;0.179273941;0;3;919;20382;1882;0;0;;48.91570994;0
Punjab;8.992061583;0;;49.0543337;0;41.9697191;0;18.00336781;0;39.57661775;0;5;40;50.9456663;0;17.92999367;0;33.42795285;0;51.46980996;0;39.80332019;0;0.277493793;0;3;912;20785;1967;0;0;;48.53019004;0
Punjab;6.931602825;0;;49.60064357;0;43.13123116;0;19.8529834;0;37.66151726;0;8;77;50.39935643;0;18.94273128;0;35.55389651;0;55.44707977;0;37.65360538;0;0.168096453;0;3;1409;34589;5374;0;0;;44.55292023;0
Punjab;5.8040247;0;;50.370724;0;42.24631;0;18.391354;0;39.451843;0;10;114;49.629276;0;19.506172;0;36.35278;0;57.586433;0;37.910267;0;0.28906956;0;3;1581;41844;7749;0;0;;42.413567;0
Chandigarh;18.14516129;0;;46.37096774;0;86.46153846;0;15.8266129;0;33.26612903;0;3;4;53.62903226;0;3.897435897;0;32.76209677;0;6.048387097;0;6.564102564;0;0.102564103;0;4;34;992;85;0;0;;93.9516129;0
Chandigarh;17.96407186;0;;53.39321357;0;81.15631692;0;16.16766467;0;32.93413174;0;5;41;46.60678643;0;4.389721627;0;32.93413174;0;14.97005988;0;8.244111349;0;0.96359743;0;4;34;1002;94;0;0;;85.02994012;0
Chandigarh;11.96283391;0;;48.66434379;0;83.31288344;0;11.61440186;0;38.32752613;0;8;78;51.33565621;0;4.785276074;0;38.0952381;0;7.200929152;0;8.711656442;0;0.122699387;0;4;58;1713;227;0;0;;92.79907085;0
Chandigarh;10.39604;0;;46.658417;0;78.10945;0;9.405941;0;40.09901;0;10;115;53.341583;0;7.21393;0;40.09901;0;7.4257426;0;13.557214;0;0.24875621;0;4;68;2019;326;0;0;;92.57426;0
Uttarakhand;11.31245417;0;;48.2462647;0;51.41863856;0;7.216926783;0;42.55787158;0;3;5;51.7537353;0;22.51878434;0;38.91274746;0;68.5450927;0;23.53930694;0;1.74946731;0;5;601;9547;1461;0;0;;31.4549073;0
Uttarakhand;11.32565141;0;;49.84846901;0;50.19959003;0;7.848022423;0;40.20554344;0;5;42;50.15153099;0;23.21717553;0;40.62078273;0;67.06114398;0;23.98316971;0;2.179307369;0;5;593;9633;1411;0;0;;32.93885602;0
Uttarakhand;6.429083095;0;;48.19969471;0;54.39846533;0;22.17944126;0;37.58954155;0;8;79;51.80030529;0;20.70887001;0;33.8019341;0;73.43302292;0;22.71855303;0;2.000548095;0;5;1054;22004;3888;0;0;;26.56697708;0
Uttarakhand;6.1197653;0;;46.294796;0;52.944798;0;23.002226;0;36.59721;0;10;116;53.684956;0;21.629387;0;34.2808;0;69.613594;0;22.511799;0;2.831931;0;5;959;24686;4587;0.020247014;0;;30.386406;0
Haryana;6.144865679;0;;48.15001576;0;44.20691475;0;1.663319106;0;47.38262616;0;3;6;51.84998424;0;31.23515439;0;44.80918905;0;63.36304293;0;24.25442069;0;0.270519926;0;6;670;15932;1567;0;0;;36.63695707;0
Haryana;5.891814607;0;;48.19054433;0;43.30576457;0;1.662099369;0;49.6068152;0;5;43;51.80945567;0;30.38368261;0;42.83927082;0;63.4218992;0;25.869038;0;0.34823705;0;6;677;16786;1655;0;0;;36.5781008;0
Haryana;5.052334944;0;;50.52780206;0;43.08223912;0;1.207729469;0;48.1078905;0;8;80;49.46547435;0;31.61022806;0;45.63204509;0;64.12372517;0;24.69246717;0;0.310988252;0;6;1145;29577;4416;0.006723593;0;;35.87627483;0
Haryana;4.026243;0;;52.0105;0;39.90832;0;1.1325967;0;48.901936;0;10;117;47.968773;0;32.71509;0;45.939228;0;67.40331;0;26.833569;0;0.303244;0;6;1289;36181;6337;0.02072682;0;;32.596684;0
Delhi;13.44268854;0;;49.12527649;0;75.03373819;0;17.27345469;0;35.38707742;0;3;7;50.85461492;0;7.545086492;0;33.89677936;0;2.020404081;0;11.20107962;0;0.920132499;0;7;411;9999;1120;0.020108586;0;;97.97959592;0
Delhi;13.02249252;0;;49.58949097;0;76.03458213;0;17.90713389;0;35.20610097;0;5;44;50.40085;0;6.582132565;0;33.86427261;0;1.843807317;0;11.3314121;0;1.129682997;0;7;406;10359;1128;0.009659036;0;;98.15619268;0
Delhi;6.901422662;0;;48.32424793;0;73.28260637;0;17.57643023;0;39.01725356;0;8;81;51.67575207;0;10.15968278;0;36.50489355;0;1.705176067;0;12.12088736;0;1.157432215;0;7;751;19723;2911;0;0;;98.29482393;0
Delhi;5.6440697;0;;46.29012;0;70.02144;0;15.026554;0;40.19577;0;10;118;53.69946;0;13.311897;0;39.133606;0;1.6349058;0;14.54448;0;1.0932475;0;7;857;23968;4183;0.010421009;0;;98.3651;0
Rajasthan;9.622475152;0;;47.77782247;0;17.02759197;0;0;0;53.57887143;0;3;8;52.21815549;0;45.61036789;0;36.79865341;0;74.81163835;0;21.14548495;0;15.86120401;0;8;1300;24952;3581;0.004022041;0;;25.18836165;0
Rajasthan;9.405670665;0;;46.85986565;0;18.36028643;0;0;0;52.2706029;0;5;45;53.14013435;0;46.74149167;0;38.32372644;0;73.69138495;0;20.04988334;0;14.46616783;0;8;1279;25676;3590;0;0;;26.30861505;0
Rajasthan;7.314199141;0;;48.33382483;0;17.7703912;0;0;0;50.76172039;0;8;82;51.6577495;0;49.09656524;0;41.92408046;0;73.61333221;0;18.97212989;0;14.05011506;0;8;2057;47006;7945;0.008425665;0;;26.38666779;0
Rajasthan;5.910484;0;;47.568398;0;18.610306;0;0;0;50.529297;0;10;119;52.422314;0;50.720097;0;43.56022;0;71.67796;0;17.025156;0;13.401291;0;8;2026;53789;9884;0.009289795;0;;28.322035;0
Uttar Pradesh;5.980900231;0;;50.21424132;0;19.13580247;0;19.32629315;0;46.40494117;0;3;9;49.78412325;0;55.93258979;0;28.28786545;0;76.72989798;0;23.55850168;0;0.890852974;0;9;2740;61362;7489;0.00163543;0;;23.27010202;0
Uttar Pradesh;5.938959826;0;;50.66831528;0;17.93148418;0;19.51417004;0;46.74711928;0;5;46;49.32698929;0;56.72702346;0;27.79975086;0;77.76705076;0;23.8150173;0;0.983096755;0;9;2897;64220;7847;0.004695424;0;;22.23294924;0
Uttar Pradesh;4.163749375;0;;51.77080499;0;19.26185823;0;32.07973137;0;35.34900336;0;8;83;48.21344179;0;54.73441109;0;28.4075159;0;81.61606058;0;24.55143009;0;1.091075976;0;9;5550;138828;19689;0.015753219;0;;18.38393942;0
Uttar Pradesh;4.4345374;0;;53.98748;0;21.568121;0;35.712597;0;24.897997;0;10;120;46.004635;0;54.04372;0;34.95487;0;78.53936;0;22.989433;0;1.1051061;0;9;5847;158659;26970;0.007885067;0;;21.46064;0
Bihar;5.134419628;0;;46.99827831;0;18.72940013;0;11.90573847;0;50.13982624;0;3;10;52.99797889;0;61.97264338;0;32.82001566;0;81.30057049;0;15.91545814;0;2.282465392;0;10;1232;26819;3240;0.003742795;0;;18.69942951;0
Bihar;5.339654904;0;;46.40273781;0;22.08416313;0;13.00715063;0;47.59443494;0;5;47;53.58948433;0;59.48566975;0;34.05875952;0;78.30327996;0;14.02285912;0;3.251363754;0;10;1201;25732;3148;0.007777864;0;;21.69672004;0
Bihar;4.571618331;0;;51.20996047;0;25.42281257;0;12.07659951;0;52.28027452;0;8;84;48.77156685;0;59.43702216;0;31.07150764;0;78.99417017;0;11.71132906;0;2.448065488;0;10;2185;53749;7831;0.018472679;0;;21.00582983;0
Bihar;3.8071165;0;;54.57197;0;24.309038;0;7.2642426;0;53.637955;0;10;121;45.40858;0;61.40238;0;35.290688;0;79.05502;0;11.231898;0;2.2824821;0;10;2272;64264;10210;0.01944693;0;;20.944973;0
Sikkim;4.347826087;0;;50.99488346;0;24.38871473;0;3.95256917;0;39.01750423;0;3;11;49.00511654;0;32.22570533;0;52.68210051;0;69.1134952;0;6.771159875;0;36.30094044;0;11;152;1771;427;0;0;;30.8865048;0
Sikkim;3.715012723;0;;49.3883792;0;21.63080408;0;2.951653944;0;47.73536896;0;5;48;50.509684;0;31.25707814;0;45.59796438;0;69.41475827;0;7.417893545;0;38.84484711;0;11;145;1965;427;0.101936799;0;;30.58524173;0
Sikkim;5.748502994;0;;49.4011976;0;17.76275353;0;2.874251497;0;54.91017964;0;8;85;50.5988024;0;37.24646589;0;36.46706587;0;78.38323353;0;8.35894284;0;36.50891211;0;11;182;3269;713;0;0;;21.61676647;0
Sikkim;5.894309;0;;52.067795;0;11.042098;0;3.0487804;0;69.51219;0;10;122;47.932205;0;43.6853;0;21.544716;0;82.31707;0;6.21118;0;38.99241;0;11;146;3629;696;0;0;;17.682926;0
Arunachal Pradesh;3.777221045;0;;49.03113853;0;20.99772774;0;13.3262671;0;43.04297553;0;3;12;50.96886147;0;2.313571576;0;39.85353633;0;64.21275776;0;1.66287957;0;74.99483578;0;12;646;10378;1746;0;0;;35.78724224;0
Arunachal Pradesh;4.01937046;0;;49.68950126;0;20.74847514;0;13.39467312;0;46.19854722;0;5;49;50.28138948;0;2.729246356;0;36.3874092;0;64.31961259;0;1.478341776;0;74.95089424;0;12;601;10325;1634;0.029109257;0;;35.68038741;0
Arunachal Pradesh;5.776945707;0;;52.62805938;0;19.1954343;0;7.475260765;0;60.9654988;0;8;86;47.37194062;0;3.88363029;0;25.78229473;0;65.60577695;0;1.211024499;0;75.52895323;0;12;769;14672;2747;0;0;;34.39422305;0
Arunachal Pradesh;8.891134;0;;53.776207;0;14.651345;0;8.613286;0;61.429653;0;10;123;46.173275;0;5.066597;0;21.065926;0;61.631725;0;2.010969;0;78.27109;0;12;399;9867;1766;0.05051781;0;;38.368275;0
Nagaland;1.663695781;0;;50.03963535;0;6.627553238;0;0;0;40.87938206;0;3;13;49.96036465;0;2.781399392;0;57.45692216;0;65.89423648;0;1.043024772;0;89.48283355;0;13;327;5049;926;0;0;;34.10576352;0
Nagaland;1.922281935;0;;53.81750466;0;5.386363636;0;0;0;41.15336916;0;5;50;46.16180426;0;1.727272727;0;56.9243489;0;62.11244316;0;0.977272727;0;91.81818182;0;13;274;4838;803;0.020691082;0;;37.88755684;0
Nagaland;3.89693356;0;;52.52396166;0;3.845273518;0;0;0;40.22572402;0;8;87;47.47603834;0;1.670862898;0;55.87734242;0;61.56303237;0;1.075761044;0;93.33943694;0;13;486;9256;1785;0;0;;38.43696763;0
Nagaland;4.2749577;0;;53.45331;0;3.897436;0;0;0;38.085983;0;10;124;46.54669;0;1.8974359;0;57.639057;0;60.432354;0;1.1282052;0;93.02564;0;13;449;9852;1993;0;0;;39.567646;0
Manipur;14.3921871;0;;49.6001032;0;14.52754267;0;15.25314829;0;29.22127988;0;3;14;50.37409701;0;22.65852643;0;41.13338473;0;84.34849653;0;4.190370473;0;58.35992785;0;14;597;7782;1536;0.025799794;0;;15.65150347;0
Manipur;13.69039095;0;;52.33577692;0;15.59675195;0;14.62122297;0;26.83660318;0;5;51;47.64984907;0;24.45227516;0;44.8517829;0;85.65086639;0;4.504366478;0;55.27807569;0;14;518;6983;1365;0.014374012;0;;14.34913361;0
Manipur;5.715739484;0;;56.61727133;0;17.67630271;0;8.768656716;0;31.78426052;0;8;88;43.33163005;0;28.59510219;0;53.73134328;0;77.66282225;0;5.763211195;0;47.74443012;0;14;665;11605;2349;0.05109862;0;;22.33717775;0
Manipur;3.7181234;0;;54.151203;0;19.048595;0;7.6503797;0;31.28285;0;10;125;45.848797;0;31.289728;0;57.348648;0;76.81526;0;5.884765;0;43.67439;0;14;602;12392;2597;0;0;;23.184738;0
Mizoram;2.165413534;0;;50.79268293;0;0.420711974;0;0;0;47.78947368;0;3;15;49.20731707;0;0.323624595;0;50.04511278;0;56.42105263;0;0.388349515;0;98.86731392;0;15;250;3325;678;0;0;;43.57894737;0
Mizoram;1.845413212;0;;51.50456744;0;0.620384047;0;17.4378176;0;43.70152447;0;5;52;48.49543256;0;0.265878877;0;37.01524472;0;55.95078898;0;0.206794682;0;98.90694239;0;15;264;3739;682;0;0;;44.04921102;0
Mizoram;3.000882613;0;;52.13496566;0;0.746995778;0;12.38599588;0;46.98440718;0;8;89;47.86503434;0;0.324780773;0;37.62871433;0;53.309797;0;1.136732705;0;97.66157843;0;15;475;6602;1647;0;0;;46.690203;0
Mizoram;3.0036838;0;;54.914963;0;0.725781;0;25.361292;0;41.48484;0;10;126;45.056213;0;0.31555694;0;30.150185;0;49.447437;0;0.5680025;0;98.3591;0;15;465;8454;1773;0.02882675;0;;50.552563;0
Tripura;4.396598516;0;;48.68492654;0;25.22052927;0;9.191242989;0;48.81490863;0;3;16;51.27879557;0;21.17080994;0;37.59724986;0;71.70255111;0;19.88773055;0;32.8989575;0;16;282;5527;796;0.036277889;0;;28.29744889;0
Tripura;5.15578635;0;;49.79385307;0;27.03023118;0;9.328635015;0;48.92433234;0;5;53;50.20614693;0;19.60086939;0;36.59124629;0;75.6120178;0;17.13100178;0;35.94151353;0;16;272;5392;791;0;0;;24.3879822;0
Tripura;5.61722913;0;;49.96651038;0;24.33477371;0;10.41296625;0;52.30905861;0;8;90;50.03348962;0;20.44575847;0;31.660746;0;77.70870337;0;17.85308165;0;37.2299295;0;16;383;8902;1488;0;0;;22.29129663;0
Tripura;4.4678717;0;;51.179718;0;23.127697;0;9.312249;0;63.278114;0;10;127;48.820282;0;23.660828;0;22.941767;0;77.284134;0;19.3704;0;33.764915;0;16;368;9944;1767;0;0;;22.715864;0
Meghalaya;2.258454106;0;;51.57308809;0;6.822050543;0;30.26570048;0;36.73913043;0;3;17;48.36640852;0;0.929684431;0;30.73671498;0;85.2173913;0;1.034437606;0;90.82100301;0;17;542;8280;1281;0.060503388;0;;14.7826087;0
Meghalaya;2.557113188;0;;52.6439483;0;8.056192661;0;29.25752856;0;37.43509865;0;5;54;47.3168821;0;1.132454128;0;30.75025961;0;81.19158879;0;1.419151376;0;89.09116972;0;17;494;7704;1211;0.039169604;0;;18.80841121;0
Meghalaya;3.122314523;0;;57.3836623;0;8.354932154;0;38.05499857;0;38.64222286;0;8;91;42.58752341;0;1.46363775;0;20.18046405;0;81.72443426;0;1.585607562;0;88.47385272;0;17;736;13732;2676;0.028814292;0;;18.27556574;0
Meghalaya;2.7901192;0;;56.89379;0;5.9917355;0;47.75191;0;14.537053;0;10;128;43.088417;0;1.3711495;0;34.920918;0;83.45477;0;0.9203606;0;91.697975;0;17;592;13611;2513;0.01779043;0;;16.545229;0
Assam;7.628031184;0;;49.25722205;0;44.55511288;0;1.102640307;0;50.0366111;0;3;18;50.74277795;0;28.48131284;0;41.23271741;0;82.469742;0;8.319104534;0;17.06981597;0;18;1183;23217;3124;0;0;;17.530258;0
Assam;7.64213688;0;;49.49373088;0;45.24291022;0;1.222913538;0;50.08367303;0;5;55;50.49765177;0;28.50491464;0;41.05127655;0;82.01244368;0;7.835206697;0;17.32587123;0;18;1177;23305;3133;0.008617347;0;;17.98755632;0
Assam;4.437489132;0;;54.16768261;0;45.43066652;0;27.19179273;0;36.54320988;0;8;92;45.81838448;0;28.4010069;0;31.82750826;0;85.20605112;0;7.489693918;0;17.49662544;0;18;2393;56915;9132;0.013932913;0;;14.79394888;0
Assam;3.8218465;0;;54.217995;0;40.06009;0;23.8024;0;38.304478;0;10;129;45.77826;0;29.40419;0;34.071278;0;83.228004;0;8.619143;0;21.038668;0;18;2533;66754;12193;0.003744337;0;;16.771997;0
West Bengal;12.55920014;0;;50.11475313;0;51.70274462;0;3.917441385;0;45.65280945;0;3;19;49.86759254;0;17.67482635;0;37.87054903;0;70.99339297;0;21.62654259;0;8.813810776;0;19;847;17103;2357;0.017654328;0;;29.00660703;0
West Bengal;13.17305905;0;;52.09818385;0;55.41955568;0;3.023731334;0;46.55183097;0;5;56;47.90181615;0;19.84576199;0;37.25137865;0;69.13067724;0;17.50389133;0;6.99023631;0;19;659;16139;1913;0;0;;30.86932276;0
West Bengal;8.203905394;0;;54.24439997;0;51.93141773;0;2.320036089;0;49.25565509;0;8;93;45.75560003;0;23.12279751;0;40.22040343;0;72.27556873;0;17.40986717;0;7.42071022;0;19;1187;30853;4559;0;0;;27.6277631;0
West Bengal;7.4899077;0;;55.19106;0;50.43446;0;2.616782;0;56.033737;0;10;130;44.80173;0;23.037504;0;33.859573;0;66.97665;0;19.71036;0;6.7508354;0;19;1257;34599;6130;0.007209805;0;;33.023357;0
Jharkhand;8.348686635;0;;49.65382379;0;12.11334387;0;21.12438806;0;44.65968311;0;3;20;50.34089107;0;46.92932942;0;25.8672422;0;73.74322261;0;10.22239783;0;30.59945812;0;20;991;18997;2424;0.005285133;0;;26.25677739;0
Jharkhand;8.358999298;0;;49.77213542;0;13.91714497;0;23.53163668;0;40.95207219;0;5;57;50.21158854;0;46.79774962;0;27.15729184;0;72.92916194;0;9.92214582;0;29.1867932;0;20;916;18507;2296;0.016276042;0;;27.07083806;0
Jharkhand;5.675255442;0;;51.45004175;0;11.62936386;0;20.70746335;0;43.18636162;0;8;94;48.52212636;0;49.34221767;0;30.43091959;0;75.38316304;0;8.798906544;0;30.08143972;0;20;1367;35817;4850;0.027831895;0;;24.61683696;0
Jharkhand;5.521358;0;;57.109978;0;13.672073;0;11.421998;0;47.857986;0;10;131;42.87136;0;49.09402;0;35.198658;0;74.961136;0;8.91409;0;28.243792;0;20;1386;40188;6286;0.01866136;0;;25.03886;0
Odisha;13.44361707;0;;49.38023001;0;24.64346556;0;8.788513845;0;42.649485;0;3;21;50.61529512;0;37.47870528;0;35.11838409;0;71.21326972;0;15.31272816;0;22.29739596;0;21;1270;22427;3442;0.004474874;0;;28.78673028;0
Odisha;13.91801306;0;;48.93938739;0;24.86085343;0;8.701443795;0;42.02475077;0;5;58;51.04765196;0;36.81556539;0;35.35579237;0;70.25180474;0;16.37885924;0;21.73540745;0;21;1233;23272;3390;0.012960643;0;;29.74819526;0
Odisha;8.847896176;0;;49.76291694;0;23.62225209;0;25.68665061;0;35.08958087;0;8;95;50.22482014;0;38.72869965;0;30.37587234;0;74.11745501;0;15.72215237;0;21.58435589;0;21;1975;48587;7584;0.012262917;0;;25.88254499;0
Odisha;7.9920816;0;;52.299744;0;21.823515;0;34.937702;0;33.066803;0;10;132;47.68472;0;38.668327;0;24.003416;0;79.458916;0;15.631279;0;23.615688;0;21;2260;64325;10727;0.015538808;0;;20.541086;0
Chhattisgarh;5.375037959;0;;49.94367063;0;9.52253506;0;12.69865371;0;47.80848264;0;3;22;50.05632937;0;41.40884274;0;34.11782569;0;70.75108817;0;11.27823573;0;37.75291725;0;22;1156;19758;2902;0;0;;29.24891183;0
Chhattisgarh;5.437410569;0;;49.08306899;0;10.95494216;0;12.89781418;0;46.93837272;0;5;59;50.91693101;0;40.77531967;0;34.72640253;0;68.63373958;0;11.83275827;0;36.41668358;0;22;1138;20267;2884;0;0;;31.36626042;0
Chhattisgarh;5.630743525;0;;50.61493739;0;10.427157;0;8.88331941;0;48.00334169;0;8;96;49.35711091;0;43.23055163;0;37.48259538;0;67.56335283;0;11.81895332;0;34.44978784;0;22;1546;35533;5565;0.027951699;0;;32.43664717;0
Chhattisgarh;3.8231115;0;;53.306526;0;11.573294;0;6.0898027;0;52.94917;0;10;133;46.668728;0;45.724815;0;37.137917;0;65.06084;0;12.422709;0;30.216726;0;22;1498;40437;7166;0.02474482;0;;34.939163;0
Madhya Pradesh;18.71679818;0;;48.83028058;0;14.74732944;0;7.558409407;0;35.6310279;0;3;23;51.16453794;0;46.57556142;0;38.09376451;0;64.01567899;0;16.3936173;0;22.20890274;0;23;2320;38778;5433;0.005181481;0;;35.98432101;0
Madhya Pradesh;18.29694532;0;;49.06131464;0;15.87706481;0;7.902422675;0;37.12295317;0;5;60;50.93868536;0;45.47660913;0;36.67767883;0;62.92492579;0;16.90977984;0;21.578048;0;23;2348;41772;5614;0;0;;37.07507421;0
Madhya Pradesh;16.75034868;0;;49.66624773;0;17.12581653;0;5.645746165;0;35.08507671;0;8;97;50.32537355;0;47.48082931;0;42.51882845;0;59.33333333;0;16.33626811;0;19.00596421;0;23;3068;70932;10953;0.008378718;0;;40.66666667;0
Madhya Pradesh;15.185447;0;;51.06347;0;19.55459;0;6.2332535;0;37.661823;0;10;134;48.93089;0;49.887074;0;40.919476;0;53.13778;0;15.446411;0;15.049029;0;23;3250;88581;15507;0.005641749;0;;46.86222;0
Gujarat;5.824910708;0;;47.85367532;0;26.19482375;0;13.70924842;0;43.10737898;0;3;24;52.14632468;0;48.24150524;0;37.35846189;0;56.57344783;0;6.379009209;0;18.88297872;0;24;1144;26318;3009;0;0;;43.42655217;0
Gujarat;6.123835038;0;;47.27590265;0;26.92397935;0;14.16066106;0;43.29321209;0;5;61;52.72409735;0;47.08274675;0;36.42229182;0;54.84284798;0;6.992022525;0;18.72751447;0;24;1130;26503;3075;0;0;;45.15715202;0
Gujarat;6.503247758;0;;48.41014093;0;25.86410519;0;18.72486854;0;38.91896072;0;8;98;51.58597663;0;48.26391623;0;35.85292298;0;60.99211259;0;7.00338556;0;18.55365719;0;24;2039;51358;7495;0.00388244;0;;39.00788741;0
Gujarat;10.957461;0;;49.930252;0;24.187664;0;35.97445;0;21.282957;0;10;135;50.069748;0;45.676716;0;31.785131;0;66.81503;0;7.2146497;0;22.42875;0;24;2631;73507;11300;0;0;;33.184967;0
Daman & Diu;3.260869565;0;;45.65217391;0;41.69835234;0;3.152173913;0;55;0;3;25;54.34782609;0;44.99366286;0;38.58695652;0;65.32608696;0;3.168567807;0;9.125475285;0;25;34;920;98;0;0;;34.67391304;0
Daman & Diu;3.597122302;0;;44.72422062;0;41.43049933;0;7.194244604;0;50.23980815;0;5;62;55.27577938;0;46.28879892;0;38.96882494;0;66.06714628;0;3.50877193;0;7.557354926;0;25;33;834;91;0;0;;33.93285372;0
Daman & Diu;6.259097525;0;;48.47161572;0;41.2462908;0;8.442503639;0;57.20524017;0;8;99;51.52838428;0;38.72403561;0;28.09315866;0;66.37554585;0;4.005934718;0;15.57863501;0;25;58;1364;227;0;0;;33.62445415;0
Daman & Diu;8;0;;49.77778;0;30.892448;0;10.666667;0;53.77778;0;10;136;50.22222;0;48.512585;0;27.555555;0;59.333332;0;4.1189933;0;16.475973;0;25;43;1113;209;0;0;;40.666668;0
Dadra & Nagar Haveli;3.484320557;0;;48.19976771;0;44.27020507;0;13.70499419;0;41.57955865;0;3;26;51.80023229;0;6.031363088;0;41.2311266;0;66.20209059;0;0.723763571;0;48.97466828;0;26;33;861;90;0;0;;33.79790941;0
Dadra & Nagar Haveli;4.335260116;0;;44.65317919;0;48.03149606;0;17.34104046;0;39.88439306;0;5;63;55.34682081;0;6.929133858;0;38.43930636;0;70.0867052;0;2.362204724;0;42.67716535;0;26;29;692;76;0;0;;29.9132948;0
Dadra & Nagar Haveli;3.65408039;0;;49.45188794;0;32.8358209;0;7.30816078;0;56.15103532;0;8;100;50.54811206;0;7.462686567;0;32.88672351;0;79.90255786;0;2.611940299;0;56.84079602;0;26;61;1634;233;0;0;;20.09744214;0
Dadra & Nagar Haveli;5.0104384;0;;41.753654;0;23.98287;0;9.185803;0;52.81837;0;10;137;58.246346;0;11.349036;0;32.985386;0;74.53027;0;5.353319;0;59.314774;0;26;46;1193;222;0;0;;25.469728;0
Maharashtra;5.564495638;0;;49.01054661;0;38.28287497;0;30.76705909;0;32.26616979;0;3;27;50.98945339;0;39.16974809;0;31.40227549;0;51.71508427;0;12.268893;0;10.15715276;0;27;1608;35421;3640;0;0;;48.28491573;0
Maharashtra;6.348554534;0;;48.23254535;0;36.30832212;0;32.68177836;0;30.70521244;0;5;64;51.76745465;0;40.15253477;0;30.26445466;0;55.68604906;0;12.43831314;0;10.83445491;0;27;1532;36528;4043;0;0;;44.31395094;0
Maharashtra;8.64952241;0;;49.49632212;0;36.70980886;0;33.66642175;0;25.89272594;0;8;101;50.50072376;0;36.62891725;0;31.7913299;0;57.50183688;0;13.1973156;0;13.02055246;0;27;2599;67696;9819;0.002954122;0;;42.49816312;0
Maharashtra;11.25817;0;;49.625412;0;34.200264;0;36.826797;0;18.522877;0;10;138;50.374588;0;36.79445;0;33.39216;0;57.32353;0;14.474554;0;14.177132;0;27;2757;76471;13064;0;0;;42.67647;0
Andhra Pradesh;9.325831982;0;;48.91220639;0;19.16021631;0;24.38256889;0;37.61800324;0;3;28;51.08779361;0;54.66016329;0;28.67359588;0;55.96452751;0;18.44979324;0;6.998197434;0;28;508;10487;1188;0;0;;44.03547249;0
Andhra Pradesh;10.98510332;0;;50.1694587;0;20.39827205;0;22.71023546;0;35.9634791;0;5;65;49.8305413;0;54.38836793;0;30.34118212;0;56.29985584;0;18.73353704;0;5.847645137;0;28;477;10405;1189;0;0;;43.70014416;0
Andhra Pradesh;9.271217712;0;;53.70541918;0;24.93955513;0;22.19787823;0;32.72601476;0;8;102;46.28300139;0;50.3868472;0;35.8048893;0;55.16605166;0;17.87959381;0;6.032398453;0;28;645;17250;2453;0.011579435;0;;44.83394834;0
Andhra Pradesh;7.3586917;0;;52.941177;0;24.510284;0;21.83908;0;33.59403;0;10;139;47.058823;0;50.710087;0;37.2082;0;53.5016;0;19.209108;0;4.6767874;0;28;778;21084;3624;0;0;;46.4984;0
Karnataka;5.415324024;0;;49.35897436;0;8.025738707;0;27.9955842;0;35.36818236;0;3;29;50.63803019;0;65.49604636;0;31.22090942;0;57.28308867;0;18.32442296;0;7.920094759;0;29;1653;33516;4454;0.002995447;0;;42.71691133;0
Karnataka;5.479744787;0;;49.97695357;0;9.450809178;0;27.58189089;0;33.71187838;0;5;66;50.01997357;0;65.58119686;0;33.22648594;0;53.39316787;0;17.40143781;0;7.264550438;0;29;1572;32757;4338;0.003072857;0;;46.60683213;0
Karnataka;7.86963434;0;;51.21174056;0;10.90701799;0;31.01381925;0;28.61685215;0;8;103;48.78519562;0;62.69951862;0;32.49969426;0;56.01076189;0;17.32645047;0;8.775652394;0;29;2409;65067;9327;0.003063819;0;;43.98923811;0
Karnataka;5.911993;0;;52.665207;0;12.151395;0;31.675638;0;29.566225;0;10;140;47.334793;0;60.532066;0;32.846146;0;56.171757;0;18.407017;0;8.658913;0;29;2872;79767;13756;0;0;;43.828243;0
Goa;8.125;0;;49.2;0;80.13100437;0;36.875;0;26.59090909;0;3;30;50.8;0;9.679767103;0;28.40909091;0;64.94318182;0;2.183406114;0;7.860262009;0;30;99;1760;227;0;0;;35.05681818;0
Goa;9.101941748;0;;53.58009709;0;73.0017762;0;36.83252427;0;29.61165049;0;5;67;46.41990291;0;10.47957371;0;24.4538835;0;69.66019417;0;1.598579041;0;14.56483126;0;30;69;1648;167;0;0;;30.33980583;0
Goa;7.509025271;0;;50.54151625;0;65.36064114;0;44.98194946;0;30.68592058;0;8;104;49.38628159;0;16.29563669;0;16.82310469;0;66.78700361;0;2.84951024;0;15.22707035;0;30;115;2738;362;0.072202166;0;;33.21299639;0
Goa;6.1538463;0;;50.25641;0;65.625;0;46.813187;0;35.604397;0;10;141;49.74359;0;20.46875;0;11.428572;0;68.49817;0;2.5;0;11.171875;0;30;137;3381;517;0;0;;31.501831;0
Lakshadweep;9.584664537;0;;46.00638978;0;0.980392157;0;0;0;90.41533546;0;3;31;53.99361022;0;1.633986928;0;0;0;100;0;0;0;97.38562092;0;31;12;313;35;0;0;;0;0
Lakshadweep;7.540983607;0;;52.45901639;0;0.655737705;0;0;0;92.45901639;0;5;68;47.54098361;0;1.639344262;0;0;0;100;0;0.983606557;0;96.72131148;0;31;12;305;36;0;0;;0;0
Lakshadweep;7.619047619;0;;57.61904762;0;0.483091787;0;0;0;92.38095238;0;8;105;42.38095238;0;1.93236715;0;0;0;100;0;0;0;97.58454106;0;31;17;414;67;0;0;;0;0
Lakshadweep;11.9760475;0;;58.682636;0;0.5988024;0;0;0;88.02395;0;10;142;41.317364;0;1.1976048;0;0;0;100;0;0;0;98.20359;0;31;15;415;74;0;0;;0;0
Kerala;8.535041335;0;;51.60277965;0;25.61560073;0;29.16511507;0;29.47046995;0;3;32;48.39722035;0;64.69178648;0;32.82937365;0;74.581068;0;7.759048091;0;1.454305074;0;32;590;13427;1646;0;0;;25.418932;0
Kerala;9.004386943;0;;52.02647431;0;25.71312804;0;30.25503755;0;29.16945498;0;5;69;47.97352569;0;64.31118314;0;31.57112053;0;73.33630753;0;7.568881686;0;2.188006483;0;32;529;13449;1574;0;0;;26.66369247;0
Kerala;5.959045939;0;;51.42659917;0;28.38989866;0;31.90428714;0;30.73855357;0;8;106;48.55806105;0;61.2353225;0;31.39811335;0;69.54521052;0;7.624256072;0;2.19559273;0;32;979;25950;3857;0.015339776;0;;30.45478948;0
Kerala;4.8687425;0;;51.659924;0;28.66212;0;31.868132;0;29.990843;0;10;143;48.32481;0;61.11764;0;33.27228;0;72.86325;0;7.6259894;0;2.2807431;0;32;1207;32740;5890;0.01526368;0;;27.136753;0
Tamil Nadu;4.323387266;0;;50.170774;0;9.6022951;0;29.78041605;0;33.66778735;0;3;33;49.829226;0;67.08668504;0;32.22840933;0;90.41815507;0;22.42223097;0;0.613151825;0;33;990;19036;2366;0;0;;9.581844925;0
Tamil Nadu;3.97792253;0;;50.44067121;0;9.226016087;0;29.37695788;0;34.7471533;0;5;70;49.55434945;0;68.3215256;0;31.89796629;0;89.73198747;0;21.57353646;0;0.751078677;0;33;974;20111;2389;0.004979336;0;;10.26801253;0
Tamil Nadu;2.796432319;0;;51.76612607;0;12.53296703;0;32.13536201;0;30.97586569;0;8;107;48.22862541;0;65.37912088;0;34.09233998;0;89.08709339;0;20.99450549;0;0.956043956;0;33;1489;37819;5762;0.005248517;0;;10.91290661;0
Tamil Nadu;2.0923045;0;;54.492474;0;12.792212;0;28.846447;0;33.983486;0;10;144;45.502457;0;65.31994;0;35.077766;0;89.183846;0;21.028791;0;0.70286876;0;33;1749;49287;8484;0.005067653;0;;10.816151;0
Puducherry;5.080440305;0;;53.45192715;0;7.583371402;0;16.34208298;0;41.6596105;0;3;34;46.54807285;0;74.6002741;0;36.91786622;0;37.29889924;0;16.99406122;0;0.411146642;0;34;116;2362;325;0;0;;62.70110076;0
Puducherry;4.919388177;0;;49.31789996;0;11.88780053;0;16.99049194;0;41.25671765;0;5;71;50.68210004;0;71.32680321;0;36.83340223;0;34.22902026;0;16.16206589;0;0.445235975;0;34;111;2419;318;0;0;;65.77097974;0
Puducherry;6.194690265;0;;52.82131661;0;12.44541485;0;17.49089016;0;37.27225403;0;8;108;47.17868339;0;70.08733624;0;39.04216554;0;43.7272254;0;16.92139738;0;0.38209607;0;34;156;3797;616;0;0;;56.2727746;0
Puducherry;5.326087;0;;56.086956;0;13.024035;0;16.630434;0;37.22826;0;10;145;43.913044;0;69.31246;0;40.815216;0;46.032608;0;16.825043;0;0.39128006;0;34;178;4520;869;0;0;;53.967392;0
Andaman & Nicobar Islands;4.784688995;0;;51.19617225;0;59.75395431;0;3.03030303;0;58.29346093;0;3;35;48.80382775;0;25.21968366;0;33.89154705;0;68.42105263;0;0.527240773;0;14.49912127;0;35;69;1254;197;0;0;;31.57894737;0
Andaman & Nicobar Islands;4.962779156;0;;50.45492142;0;56.55462185;0;4.383788255;0;56.65839537;0;5;72;49.54507858;0;26.13445378;0;33.99503722;0;64.681555;0;1.260504202;0;16.05042017;0;35;67;1209;187;0;0;;35.318445;0
Andaman & Nicobar Islands;5.327102804;0;;49.90654206;0;56.75413022;0;2.803738318;0;62.52336449;0;8;109;50.09345794;0;26.82215743;0;29.34579439;0;68.31775701;0;0.388726919;0;16.03498542;0;35;100;2107;372;0;0;;31.68224299;0
Andaman & Nicobar Islands;5.365297;0;;50.971428;0;55.79793;0;2.739726;0;72.26028;0;10;146;49.028572;0;28.70264;0;19.634703;0;66.438354;0;0.3444317;0;15.154994;0;35;89;2184;386;0;0;;33.561646;0
Telangana;6.040601389;0;;49.10285473;0;11.37964009;0;8.627795161;0;46.23750286;0;3;36;50.89714527;0;59.84960445;0;39.09410059;0;55.83454171;0;17.78666435;0;10.8232635;0;36;1330;26206;3601;0;0;;44.16545829;0
Telangana;14.1752787;0;;51.79495538;0;12.87686161;0;9.728212222;0;36.69541867;0;5;73;48.19689499;0;57.18307301;0;39.40109041;0;50.26853283;0;18.54340719;0;11.17417363;0;36;1151;24578;3207;0.008149627;0;;49.73146717;0
Telangana;10.81811405;0;;52.70786726;0;15.92574499;0;4.933842713;0;39.52199031;0;8;110;47.28747204;0;55.42256961;0;44.72605293;0;47.58199776;0;16.32144602;0;11.86126038;0;36;1666;42603;6449;0.004660701;0;;52.41800224;0
Telangana;8.006528;0;;53.211628;0;14.886156;0;4.641674;0;41.83747;0;10;147;46.778767;0;57.075123;0;45.514328;0;48.32717;0;16.091272;0;11.433793;0;36;2009;52033;9561;0.009608455;0;;51.67283;0
Ladakh;7.084468665;0;;50.40871935;0;5.943536404;0;1.226158038;0;30.38147139;0;3;37;49.59128065;0;0.14858841;0;61.30790191;0;54.90463215;0;0.29717682;0;93.16493314;0;37;61;734;183;0;0;;45.09536785;0
Ladakh;6.086956522;0;;47.53623188;0;2.286585366;0;2.028985507;0;32.75362319;0;5;74;52.46376812;0;0.152439024;0;59.13043478;0;59.27536232;0;0.304878049;0;97.10365854;0;37;62;690;205;0;0;;40.72463768;0
Ladakh;9.003601441;0;;53.8647343;0;4.021447721;0;0.840336134;0;34.93397359;0;8;111;46.1352657;0;0.134048257;0;55.22208884;0;65.30612245;0;0.402144772;0;95.17426273;0;37;119;1606;448;0;0;;34.69387755;0
Ladakh;6.4738293;0;;54.95868;0;1.9490255;0;0;0;55.23416;0;10;148;45.04132;0;0.29985008;0;38.29201;0;69.146;0;0.8995502;0;96.85158;0;37;84;1801;422;0;0;;30.853994;0
